name,name
Acanthosis nigricans,
Achalasia,
Achilles tendon rupture,
Acute coronary syndrome,
Adenomyosis,
Adjustment disorders,
Adnexal tumors,
Adrenal cancer,
Adrenoleukodystrophy,
Adult Still's disease,
Agoraphobia,
Alcohol intolerance,
Alcohol use disorder,
Alcoholic hepatitis,
Allergies,
Alpha-gal syndrome,
Ambiguous genitalia,
Ameloblastoma,
Amenorrhea,
Amnestic syndrome ,
Amniotic fluid embolism,
Ampullary cancer,
Amyloidosis,
Anal fissure,
Anal fistula,
Anaphylaxis,
Anemia,
"Aneurysm, abdominal aortic ",
Aneurysms,
Angelman syndrome,
Angiosarcoma,
Ankylosing spondylitis,
Anorgasmia in women,
Anterior cruciate ligament injury ,
Anthrax,
Antiphospholipid syndrome,
Anxiety disorders,
Aortic aneurysm,
Aortic valve disease,
Aphasia,
Aplastic anemia,
Appendicitis,
ARDS,
Arteriovenous fistula,
Arteriovenous malformation,
Arthritis,
Asbestosis,
Ascariasis,
Aspergillosis,
Asthma,
Asthma attack,
Astigmatism,
Astrocytoma,
Ataxia,
Atrial fibrillation,
Atrial flutter,
Atrial tachycardia,
Attention-deficit/hyperactivity disorder ,
Attention-deficit/hyperactivity disorder in adults ,
Atypical depression,
Atypical hyperplasia of the breast,
Autism spectrum disorder,
Autoimmune pancreatitis,
AVNRT ,
Baby acne,
Back pain,
Bacterial vaginosis,
Balance problems,
Barotrauma ,
Barrett's esophagus,
Bedbugs,
Behcet's disease,
Benign adrenal tumors,
Benign peripheral nerve tumor,
Bicuspid aortic valve,
Binge drinking ,
Bladder exstrophy,
Bladder stones,
Blastocystis hominis,
Blocked tear duct,
Body dysmorphic disorder,
Bone metastasis,
Botulism,
Brachial plexus injury,
Brain AVM,
Brain tumor,
Breast cysts,
Broken ankle,
Broken collarbone,
Broken toe,
Bronchiolitis,
Bronchitis,
Brucellosis,
Brugada syndrome,
Bullous pemphigoid,
Bundle branch block,
Bunions,
Burns,
Bursitis,
C. difficile infection,
Calciphylaxis,
Cancer,
"Cancer, anal ",
"Cancer, basal cell ",
"Cancer, bladder ",
"Cancer, breast ",
Carbon monoxide poisoning,
Carbuncles and boils ,
Carcinoid syndrome,
Carcinoid tumors,
Carcinoma of unknown primary,
Cardiogenic shock,
Cardiomyopathy,
Carotid artery disease,
Carpal tunnel syndrome,
Cataracts,
Cavernous malformations,
Cellulite,
Cellulitis,
Central nervous system vascular malformations,
Cerebral aneurysm ,
Cervical cancer,
Cervicitis,
Chiari malformation,
Child maltreatment ,
Childhood apraxia of speech,
Childhood asthma,
Chlamydia trachomatis,
Cholangiocarcinoma ,
Cholera,
Chondrosarcoma,
Chordoma,
Choroid plexus carcinoma,
Chronic fatigue syndrome,
Chronic granulomatous disease,
Chronic traumatic encephalopathy,
Cirrhosis,
Claudication,
Cleft lip and cleft palate,
Clubfoot,
Coarctation of the aorta,
Cold urticaria,
Colic,
Colorblindness ,
Colorectal cancer ,
Common cold,
Common cold in babies,
Common variable immunodeficiency  ,
"Compartment syndrome, chronic exertional ",
Concussion,
Congenital adrenal hyperplasia,
Congenital heart defects in children,
Congenital mitral valve anomalies,
Congenital myasthenic syndromes,
Congenital myopathies,
Conjoined twins,
Constipation,
Constipation in children,
COPD,
Corns and calluses,
Coronary artery disease,
Corticobasal degeneration,
Costosternal syndrome ,
"Cough, chronic ",
Cradle cap,
Craniopharyngioma,
Crohn's disease,
Croup,
CRPS ,
Cryoglobulinemia,
Cryptosporidium infection,
Cutaneous B-cell lymphoma,
Cutaneous T-cell lymphoma,
Cyclic vomiting syndrome,
Cyclospora infection,
Cyclothymic disorder ,
"Cyst, Bartholin's ",
Cystitis,
Cytomegalovirus infection ,
Dandruff,
Delayed ejaculation,
Delirium,
Dementia,
"Dementia, Alzheimer's disease ",
Dengue hemorrhagic fever ,
Depersonalization-derealization disorder,
Dermatitis,
"Dermatitis, contact ",
Dermatographia,
Dermatomyositis,
Desmoid tumors,
Deviated septum,
DFSP ,
Diabetes,
Diabetes insipidus,
Diabetic coma,
Diabetic hyperosmolar syndrome,
Diabetic nephropathy,
Diaper rash,
Diarrhea,
"Diarrhea, antibiotic-associated ",
Diffuse idiopathic skeletal hyperostosis ,
Dilated cardiomyopathy,
Diphtheria,
Dislocated elbow,
Dissecting aneurysm ,
Diverticulitis,
Dizziness,
Double-outlet right ventricle,
Drug addiction ,
Drug allergy,
Dry socket,
DSPS ,
DSRCT ,
Dupuytren's contracture,
Dural arteriovenous fistulas,
Dust mite allergy,
DVT ,
Dwarfism,
Dysarthria,
Dystonia,
E. coli,
Earwax blockage,
Eating disorders,
"Eating disorders, anorexia ",
"Eating disorders, binge eating ",
"Eating disorders, bulimia ",
Ebstein anomaly,
Ectopic pregnancy,
Ectropion,
Eczema ,
Edema,
Ehlers-Danlos syndrome,
Ehrlichiosis,
Eisenmenger syndrome,
Elevated blood pressure,
Embryonal tumors,
Emphysema,
Encephalitis,
Endocarditis,
Endometriosis,
End-stage renal disease,
Enlarged breasts in men ,
Enlarged heart,
Entropion,
Eosinophilic esophagitis,
Eosinophilic granulomatosis with polyangiitis  ,
Ependymoma,
Epidermolysis bullosa,
Epididymitis,
Epiglottitis,
Epithelioid sarcoma,
Esophageal cancer,
Esophageal spasms,
Esophagitis,
Essential tremor,
Ewing sarcoma,
Exercise-induced asthma,
Eye focusing ,
Eyelid inflammation ,
Eyestrain,
Factitious disorder,
Factor V Leiden,
Familial paroxysmal peritonitis ,
FAP ,
Fetal alcohol syndrome,
Fetal macrosomia,
Fever,
Fever blister ,
Fibroadenoma,
Fibrocystic breasts,
Fibromuscular dysplasia,
Fibromyalgia,
"Fibrosis, cystic ",
Fibrous dysplasia,
Floaters ,
Floor of the mouth cancer,
Food allergy,
"Food allergy, egg ",
Food-borne illness ,
Foot drop,
Foot fracture ,
"Fracture, arm ",
Frontal lobe seizures,
Frostbite,
Frozen shoulder,
FSGS ,
Fuchs' dystrophy,
Functional neurologic disorders/conversion disorder,
Galactorrhea,
Gallbladder cancer,
Gallbladder inflammation ,
Gallstones,
Ganglion cyst,
Gangrene,
Gas and gas pains,
Gastritis,
Gastrointestinal bleeding,
Gastrointestinal stromal tumor ,
Gastroparesis,
Gender identity disorder ,
Generalized anxiety disorder,
Geographic tongue,
Germ cell tumors,
Gestational diabetes,
Giant lymph node hyperplasia ,
Giardia infection ,
Gilbert's syndrome,
Glaucoma,
Glioblastoma,
Glioma,
Glomerulonephritis,
Glucocerebrosidase deficiency ,
Gonorrhea,
Gout,
Granuloma annulare,
Graves' disease,
Group B strep disease,
Growing pains,
Growth hormone excess ,
Growth plate fractures,
Guillain-Barré syndrome,
Hair loss,
Hairy tongue ,
Halitosis ,
Hamstring injury,
Hand fracture ,
Hand-foot-and-mouth disease,
Hangovers,
Hardening of the arteries ,
Head and neck cancers,
"Headache, chronic daily ",
"Headache, cluster ",
"Headache, exercise ",
"Headache, external compression ",
"Headache, primary cough ",
Headaches in children,
Heart arrhythmias,
Heart defects in adults ,
Heart disease,
Heart failure,
Heart murmurs,
Heartburn,
Heat exhaustion,
Heatstroke,
Helicobacter pylori ,
Hemifacial spasm,
Hemolytic uremic syndrome ,
Hemophilia,
Hepatitis A,
Hepatitis B,
Hepatitis C,
"Hepatitis, autoimmune ",
Hepatocellular carcinoma,
Hepatopulmonary syndrome,
Hereditary hemorrhagic telangiectasia,
"Herpes, genital ",
Hiatal hernia,
Hiccups,
Hidradenitis suppurativa,
High blood pressure in children,
Hip dysplasia,
Hip fracture,
Hip impingement,
Hip labral tear,
Hirsutism,
Histoplasmosis,
Hoarding disorder,
Hot flashes,
Human immunodeficiency virus ,
Human papillomavirus infection ,
Huntington's disease,
Hydrocele,
Hydrocephalus,
Hydronephrosis,
Hypercalcemia,
Hypercholesterolemia ,
"Hypercholesterolemia, familial ",
Hypercortisolism ,
Hypereosinophilic syndrome,
Hyperglycemia in diabetes,
Hyperopia ,
Hyperoxaluria and oxalosis,
Hyperparathyroidism,
Hypertension ,
Hypertrophic cardiomyopathy,
"Hypoglycemia, diabetic ",
Hypohidrosis ,
Hypohydration ,
Hyponatremia,
Hypoparathyroidism,
Hypoplastic left heart syndrome,
Hypospadias,
Ice cream headaches,
Ichthyosis vulgaris,
Idiopathic hypersomnia,
IgA nephropathy ,
IgA vasculitis ,
Illness anxiety disorder,
Impetigo,
Impotence ,
Incompetent cervix,
Incomplete fracture ,
"Incontinence, fecal ",
Infant jaundice,
Infant reflux,
Infectious diseases,
"Infertility, female ",
Inflammatory bowel disease ,
Inflammatory breast cancer,
Influenza ,
"Influenza, avian ",
Ingrown hair,
Ingrown toenails,
Inguinal hernia,
Inherited metabolic disorders,
Intestinal obstruction,
Intracranial venous malformations,
Intraductal carcinoma ,
Intussusception,
Invasive lobular carcinoma,
Iritis,
Iron deficiency anemia,
Iron overload ,
Irritable bowel syndrome,
"Ischemia, intestinal ",
Ischemic colitis,
ITP ,
Jet lag disorder,
Joint dislocation ,
Juvenile fibromyalgia,
Juvenile rheumatoid arthritis ,
Kaposi's sarcoma,
Keratitis,
Keratoconus,
"Ketoacidosis, diabetic ",
Kidney cysts,
"Kidney failure, chronic ",
Klatskin tumor ,
Klinefelter syndrome,
Klippel-Trenaunay syndrome,
Knee bursitis,
Knee pain,
KP ,
Krabbe disease,
Laryngitis,
Latex allergy,
Lazy eye ,
Lead poisoning,
Left ventricular hypertrophy,
Leg fracture ,
Legg-Calve-Perthes disease,
Legionnaires' disease,
Leiomyosarcoma,
"Leukemia, acute lymphocytic ",
"Leukemia, acute myelogenous ",
"Leukemia, chronic lymphocytic ",
"Leukemia, chronic myelogenous ",
"Leukemia, general ",
"Leukemia, hairy cell ",
Leukoplakia,
Lewy body dementia,
Lice,
"Lice, body ",
Lichen nitidus,
Lichen planus,
Lichen sclerosus,
Lip cancer,
Lipoma,
Liposarcoma,
Listeriosis ,
Liver cancer,
Liver disease,
"Liver failure, acute ",
Liver hemangioma,
"Liver, enlarged ",
Lobular carcinoma in situ ,
Long QT syndrome,
Low blood pressure ,
Low blood sugar ,
Low body temperature ,
Low sex drive in women,
Low sperm count,
Lung cancer,
Lung collapse ,
"Lung disease, interstitial ",
Lupus nephritis,
Lyme disease,
Lymphedema,
Lymphoma,
"Lymphoma, Hodgkin's ",
Lynch syndrome,
"Macular degeneration, dry",
"Macular degeneration, wet",
Major depressive disorder ,
Malaria,
Male breast cancer,
Male infertility,
Malignant hyperthermia,
Malignant peripheral nerve sheath tumors,
Mallet toe and hammertoe ,
Mammary duct ectasia,
Manic-depressive illness ,
Marburg virus ,
Marfan syndrome,
Mastalgia ,
Mastitis,
MCAD deficiency,
Medial epicondylitis ,
Medulloblastoma,
Megacolon ,
Membranous nephropathy,
Meniere's disease,
Meningioma,
Meningitis,
Menopause,
"Menstrual bleeding, excessive ",
Mental illness,
Meralgia paresthetica,
Mesenteric ischemia,
Mesenteric lymphadenitis,
Mesothelioma,
Metachromatic leukodystrophy,
Metatarsalgia,
Microcephaly,
Microscopic colitis,
Migraine,
Migraine with aura,
Mild cognitive impairment ,
Milia,
Milk allergy,
Milk intolerance ,
Miscarriage,
Mitral valve disease,
Mittelschmerz,
Mixed connective tissue disease,
Molar pregnancy,
Mold allergy,
Molluscum contagiosum,
Monoclonal gammopathy of undetermined significance ,
Mononucleosis,
Mood disorders,
Morning sickness,
Morphea,
Mosquito bites,
Movement disorders,
Moyamoya disease,
MRSA infection,
Mucocutaneous lymph node syndrome ,
Mucopolysaccharidosis type II ,
Multiple myeloma,
Multiple personality disorder ,
Mumps,
Muscle cramp,
Muscle strains,
Muscular dystrophy,
Myasthenia gravis,
Myelodysplastic syndromes,
Myelofibrosis,
Myocardial infarction ,
Myocardial ischemia,
Myocarditis,
Myoclonus,
Myofascial pain syndrome,
Myxofibrosarcoma,
Naegleria infection,
Nasal and paranasal tumors,
Nasopharyngeal carcinoma,
Nearsightedness,
Neck pain,
Nephrogenic systemic fibrosis,
Nephrotic syndrome,
Neuroblastoma,
Neurodermatitis,
Neuroendocrine carcinoma of the skin ,
Neuroendocrine tumors,
Neurofibroma,
Neurofibromatosis,
Neuromyelitis optica,
"Neuropathy, autonomic ",
"Neuropathy, diabetic ",
Nevus ,
Nickel allergy,
Nicotine dependence,
Niemann-Pick,
Nightmare disorder,
Noctural enuresis ,
Nonalcoholic fatty liver disease,
Non-Hodgkin's lymphoma,
Nonmelanoma skin cancer,
Nontropical sprue ,
Noonan syndrome,
Norovirus infection,
Nose fracture ,
"Obesity, childhood ",
Obstetric cholestasis ,
Occupational asthma,
OCD ,
Ocular rosacea,
Oculocutaneous albinism ,
Oculosympathetic palsy ,
Odontogenic tumors and cysts ,
Olfactory neuroblastoma ,
Oligodendroglioma,
Oppositional defiant disorder ,
Optic neuritis,
Oral cancer ,
Oral lichen planus,
Orchitis,
Osgood-Schlatter disease,
Osteoarthritis,
Osteochondritis dissecans,
Osteomalacia,
Osteomyelitis,
Osteonecrosis ,
Osteophytes ,
Osteoporosis,
Osteosarcoma,
Otitis media ,
Ovarian cancer,
Ovarian cysts,
Ovarian hyperstimulation syndrome,
Overactive bladder,
Oxyphil cell carcinoma ,
Paget's disease of bone,
Paget's disease of the nipple ,
"Pain, chest ",
Painful bladder syndrome ,
Painful intercourse ,
Painful periods ,
"Palsy, cerebral ",
"Palsy, facial ",
Pancreatic cancer,
Pancreatic cysts,
Pancreatic neuroendocrine tumors,
Pancreatitis,
Panic attacks and panic disorder,
Paraganglioma,
Paraneoplastic syndromes of the nervous system,
Parkinson's disease,
Parotid tumors,
Partial anomalous pulmonary venous return,
Patent foramen ovale,
Pathological gambling ,
Pathological stealing ,
PDA ,
Peanut allergy,
Pectus carinatum,
Pediatric brain tumors,
Pediculosis capitis ,
Pelvic organ prolapse,
"Pelvic pain, chronic ",
Pemphigus,
Penicillin allergy,
Pericardial effusion,
Pericarditis,
Perimenopause,
"Periodontal disease, gingivitis ",
Periodontitis,
Peripheral nerve injuries,
Peripheral nerve tumors,
Peripheral neuropathy,
Peritonitis,
Pernio ,
Peroneal muscular atrophy ,
Persistent depressive disorder ,
"Personality disorder, antisocial ",
"Personality disorder, borderline ",
"Personality disorder, narcissistic ",
Personality disorders,
Pes planus ,
Pet allergy,
Peyronie's disease,
Pheochromocytoma,
Pick's disease ,
PID ,
Piles ,
Pilonidal cyst,
Pinched nerve,
Pineoblastoma,
Pink eye ,
Pinworm infection,
Pituitary insufficiency ,
Pituitary tumors,
Pityriasis rosea,
PKU ,
Placenta accreta,
Placenta previa,
Placental abruption,
Plantar fasciitis,
Plantar neuroma ,
Pleurisy,
Pneumonia,
Pneumonitis,
Pneumothorax,
POEMS syndrome,
Polio,
Polycystic kidney disease,
Polyhydramnios,
Polymyalgia rheumatica,
Polymyositis,
"Polyps, colon ",
"Polyps, nasal ",
Pompholyx ,
Popliteal artery aneurysm,
Popliteal artery entrapment,
Popliteal cyst ,
Porphyria,
Post-chemotherapy cognitive impairment ,
Post-concussion syndrome,
Posterior cortical atrophy,
Posterior cruciate ligament injury,
Postherpetic neuralgia,
Postmyocardial infarction syndrome ,
Postpartum depression,
Postpartum preeclampsia,
Postpartum thyroiditis,
Post-polio syndrome,
Postural hypotension ,
Pouchitis,
Prader-Willi syndrome,
Prediabetes,
Premature birth,
Premature ejaculation,
Premature puberty ,
Premenstrual syndrome ,
Presbycusis ,
Presbyopia,
Prescription drug abuse,
Pressure ulcer ,
Preterm labor,
Priapism,
Prickly heat ,
Primary adrenal insufficiency ,
Primary biliary cirrhosis ,
Primary hypoaldosteronism ,
Primary immunodeficiency,
Primary lateral sclerosis ,
Primary ovarian insufficiency,
Primary polycythemia ,
Primary progressive aphasia,
Progeria,
Prolactinoma,
"Prolapse, mitral valve ",
Prolapsed bladder ,
Prostate cancer,
Prostate gland enlargement ,
Prostatitis,
Pseudocholinesterase deficiency,
Pseudogout,
Pseudomembranous colitis,
Pseudotumor cerebri,
Psoriasis,
Psoriatic arthritis,
PTSD ,
Pubic lice ,
Pulmonary atresia,
Pulmonary atresia with intact ventricular septum,
Pulmonary atresia with ventricular septum defect,
Pulmonary edema,
Pulmonary fibrosis,
Pulmonary hypertension,
Pulmonary valve disease,
PVD ,
Pyelonephritis ,
Pyoderma gangrenosum,
Query fever ,
Rabies,
Radiation enteritis,
Radiation sickness,
Ramsay Hunt syndrome,
Rapid gastric emptying ,
"Rash, poison ivy ",
Raynaud's disease,
Reactive attachment disorder,
Rebound headache ,
Rectal cancer,
Rectal inflammation ,
Rectal itching ,
Rectal prolapse,
Rectovaginal fistula,
Recurrent breast cancer,
"Reflux, bile ",
"Reflux, gastroesophageal ",
"Regurgitation, aortic valve ",
"Regurgitation, mitral valve ",
Reiter's syndrome ,
REM sleep behavior disorder,
Renal artery stenosis,
Renal cancer ,
"Renal failure, acute ",
Residual limb pain,
Retinal detachment,
Retinal diseases,
Retinoblastoma,
"Retinopathy, diabetic ",
Retrograde ejaculation,
Rett syndrome,
Reye's syndrome,
Rhabdomyosarcoma,
Rheumatic fever,
Rheumatoid arthritis,
Rib fracture ,
Rickets,
RLS ,
Road rage ,
Rocky Mountain spotted fever,
Rosacea,
Roseola,
Rotator cuff injury,
Rotavirus,
Round back ,
RSV ,
Rubeola ,
Rumination syndrome,
Runner's knee ,
Ruptured eardrum ,
Ruptured spleen,
Sacral dimple,
Sacroiliitis,
Salmonellosis ,
Sarcoidosis,
Sarcoma,
"Sarcoma, bone cancer ",
Scabies,
Scarlet fever,
Schizoaffective disorder,
Schizoid personality disorder,
Schizophrenia,
"Schizophrenia, juvenile ",
Schizotypal personality disorder,
Schwannoma,
Sciatica,
"Scleroderma, limited ",
Sclerosing cholangitis ,
Sclerosing mesenteritis,
"Sclerosis, amyotrophic lateral ",
"Sclerosis, multiple ",
Scrotal masses,
Seasonal affective disorder ,
Seasonal allergy ,
Sebaceous carcinoma,
Sebaceous cysts ,
Seborrheic dermatitis,
Seborrheic keratosis,
Secondary brain cancer ,
Secondary hypertension,
Seizure disorder ,
"Seizure, febrile ",
"Seizure, petit mal ",
Seizures,
Selective IgA deficiency,
Self-injury/cutting,
Separation anxiety disorder,
Sepsis,
"Septal defect, atrial ",
"Septal defect, atrioventricular ",
Septic arthritis,
Serotonin syndrome,
Severe acute respiratory syndrome ,
"Severe brain injury, coma ",
Sex headaches,
"Sexual dysfunction, female ",
Sexual obsession ,
Shaken baby syndrome,
Sheehan's syndrome,
Shellfish allergy,
Shigella infection,
Shin splints,
Short bowel syndrome,
Shoulder dislocation ,
Shoulder separation ,
Shy-Drager syndrome ,
Sick sinus syndrome,
Sickle cell anemia,
Sin Nombre virus infection ,
Sinus headaches,
"Sinusitis, acute ",
"Sinusitis, chronic ",
Sjogren's syndrome,
Skin cancer,
"Skin cancer, melanoma ",
"Skin, itchy ",
Skipped heartbeats ,
Slapped cheek disease ,
Sleep apnea,
"Sleep apnea in children, obstructive ",
"Sleep apnea, central",
"Sleep apnea, obstructive",
Sleep disorders,
Sleep terrors ,
"Sleepiness, daytime ",
Sleeplessness ,
Sleep-related eating disorder,
Slipped disk ,
Slow heartbeat ,
Small bowel cancer,
Small intestine prolapse ,
Small vessel disease,
Snoring,
Social anxiety disorder ,
Soft palate cancer,
Soft tissue sarcoma,
Solar keratosis ,
Solar lentigines ,
Solitary fibrous tumor,
Somatic symptom disorder,
Somnambulism ,
Sore throat,
Soy allergy,
Specific phobias,
Specific reading disability ,
Spermatocele,
Spider bites,
Spina bifida,
Spinal arteriovenous malformation ,
Spinal cord tumor,
Spinal curvature ,
Spinal headaches,
Splenomegaly ,
"Spondylosis, cervical ",
Spontaneous coronary artery dissection ,
Sprained ankle,
Sprains,
Squamous cell carcinoma of the skin,
Stage 4 prostate cancer,
Staph infections,
Statis syndrome ,
STDs ,
Steele-Richardson-Olszewski syndrome ,
Stein-Leventhal syndrome ,
"Stenosis, aortic valve ",
"Stenosis, mitral valve ",
"Stenosis, pulmonary valve ",
"Stenosis, pyloric ",
"Stenosis, spinal ",
Stevens-Johnson syndrome,
Stickler syndrome,
"Stings, bee ",
"Stings, jellyfish ",
"Stings, scorpion ",
Stomach cancer,
"Stomach pain, nonulcer ",
Stomach polyps,
Stomatodynia ,
"Stones, kidney ",
Stool holding ,
Strawberry hemangioma ,
Strep throat,
Stress fractures,
Stress incontinence,
Stretch marks,
Stroke,
Stump pain ,
Stuttering,
Sty,
Subarachnoid hemorrhage,
Subconjunctival hemorrhage ,
Subdural hematoma ,
Subfertility ,
Sudden cardiac arrest,
Sudden infant death syndrome ,
Suicide and suicidal thoughts,
Sun allergy,
Sun poisoning ,
Sunburn,
Sunken chest ,
Suspicious breast lumps,
SVT ,
Sweating and body odor,
"Sweating, abnormally excessive ",
Sweet's syndrome,
Swimmer's ear,
Swimmer's itch,
Swine flu ,
Swollen lymph nodes,
Synostosis ,
Synovial sarcoma,
Syphilis,
Syringomyelia,
Systemic capillary leak syndrome,
Systemic lupus erythematosus ,
Systemic mastocytosis,
Systemic sclerosis ,
Tachycardia,
Takayasu's arteritis,
Takotsubo cardiomyopathy ,
Tapeworm infection,
Tay-Sachs disease,
"Tears, decreased production ",
Teen depression,
Teeth grinding ,
Temporal arteritis ,
Temporal lobe seizure,
Tendinitis,
"Tendinitis, Achilles ",
"Tendinitis, patellar ",
Tennis elbow,
"Tenosynovitis, de Quervain's ",
Tension headache,
"Testicle, retractile ",
Testicular cancer,
Testosterone deficiency ,
Tetanus,
Tetralogy of Fallot,
Tetraplegia ,
Thalassemia,
Thoracic aortic aneurysm,
Thoracic outlet syndrome,
Three-day measles ,
Throat cancer,
Thromboangiitis obliterans ,
"Thrombocythemia, essential ",
Thrombocytopenia,
"Thrombocytopenia, childhood ",
Thrombocytosis,
Thrombophlebitis,
"Thrush, oral ",
Thumb arthritis,
Thunderclap headaches,
Thyroid cancer,
Thyroid gland enlargement ,
Thyroid nodules,
"Thyroid, overactive ",
"Thyroiditis, chronic lymphocytic ",
Tinea barbae ,
Tinea capitis ,
Tinea corporis ,
Tinea cruris ,
Tinea pedis ,
Tinea versicolor,
Tinnitus,
TMJ disorders,
Toe walking in children,
Toenail fungus ,
Tongue cancer,
Tongue-tie ,
Tonic-clonic seizure ,
Tonsil cancer,
Tonsillitis,
Tooth abscess,
Tooth decay ,
Torn meniscus,
"Torsion, testicular ",
"Torticollis, spasmodic ",
Total anomalous pulmonary venous return,
Tourette syndrome,
Toxemia ,
Toxic hepatitis,
Toxic shock syndrome,
Toxoplasmosis,
Trachoma,
Transient global amnesia,
Transient ischemic attack ,
Transposition of the great arteries,
Transverse myelitis,
Traumatic brain injury,
Traumatic grief ,
Traveler's diarrhea,
Trichinosis,
Trichomoniasis,
Trichotillomania ,
Tricuspid atresia,
Tricuspid valve disease,
Tricuspid valve regurgitation,
Trigeminal neuralgia,
Trigger finger,
Trisomy 21 syndrome ,
Trouble swallowing ,
Truncus arteriosus,
"Trypanosomiasis, American ",
Tuberculosis,
Tuberous sclerosis,
Tularemia,
"Tumor, salivary gland ",
Turner syndrome,
Type 1 diabetes,
Type 1 diabetes in children,
Type 2 diabetes,
Type 2 diabetes in children,
Typhoid fever,
"Ulcer, aphthous ",
"Ulcer, peptic ",
"Ulcer, rectal ",
Ulcerative colitis,
Ulnar wrist pain,
Umbilical hernia,
Uncontrollable laughter and crying ,
Underactive thyroid ,
Under-eye puffiness ,
Undescended testicle,
Undifferentiated pleomorphic sarcoma,
Unstable angina ,
Upset stomach ,
Ureteral cancer,
Ureteral obstruction,
Urethral stricture,
Urinary incontinence,
Urinary tract infection ,
Urine color,
"Urine, blood in ",
Urticaria ,
Urticaria ,
Uterine cancer ,
Uterine myoma ,
Uterine polyps,
Uterine prolapse,
Uterus didelphys ,
Uveal melanoma ,
Uveitis,
Vaginal agenesis,
Vaginal atrophy,
Vaginal cancer,
Vaginal fistula,
"Vaginal prolapse, posterior ",
Vaginitis,
Valley fever,
Valvular heart disease ,
Varicella ,
"Varices, esophageal ",
Varicocele,
Varicose veins,
Variola ,
Vascular dementia,
Vascular rings,
Vasculitis,
Vasomotor rhinitis ,
Vasovagal syncope,
vCJD ,
Venous thromboembolism ,
Ventricular septal defect,
Ventricular tachycardia,
Vertebral tumor,
Vertigo ,
Vesicoureteral reflux,
Vestibular schwannoma ,
V-fib ,
Viral gastroenteritis,
Viral hemorrhagic fevers,
Vitamin deficiency anemia,
Vitiligo,
Vocal fold paralysis ,
Voice disorders,
Von Willebrand disease,
VPCs ,
Vulvar cancer,
Vulvodynia,
Waldenstrom macroglobulinemia,
"Warts, common ",
"Warts, plantar ",
"Warts, venereal ",
Water on the knee ,
Wegener's granulomatosis ,
Weight loss ,
Wermer's syndrome ,
West Nile virus,
Wheat allergy,
Whiplash,
Whipple's disease,
White blood cell disorders in children ,
Whiteheads ,
Whooping cough,
Wilms' tumor,
Wilson's disease,
"Wisdom teeth, impacted ",
Wolff-Parkinson-White ,
Wrinkles,
Wrist fracture ,
Wrist pain,
"X, Syndrome ",
Xerosis ,
Xerostomia ,
X-linked agammaglobulinemia,
XXX syndrome ,
Yeast infection ,
Yellow fever,
Yersinia pestis ,
Yips,
Zika virus,
Zollinger-Ellison syndrome,
Zoster ,
deletion syndrome ,
Abdominal aortic aneurysm ,
Abdominal swelling,
Abdominal trauma,
Abrasions ,
ACE inhibitor induced cough blood pressure medication side effect Drug-induced cough Drug reaction: ACE inhibitor,
acetaminophen overdose Adverse reaction to acetaminophen,
Tylenol acetaminophen poisoning,
Achilles tendonitis ,
Achilles tendon rupture ,
Acid LSD abuse,
Acidosis ,
Acoustic neuroma ,
AC joint separation acromioclavicular joint separation closed separation of acromioclavicular joint,
Acute angle closure glaucoma increased inner eye pressure,
Acute fatty liver of pregnancy,
Adenoiditis ,
Adenovirus infection ,
Frozen shoulder ,
Adjustment disorder ,
Alcohol ethanol intoxication,
Alcohol ethanol abuse,
Alcohol ethanol poisoning ,
Alcohol withdrawal syndrome ,
Alcoholism,
Allergic reaction,
Allergic rhinitis ,
Allergy,
Confusion ,
Altered mental status confusion,
Altitude illness Illnesses due to high altitude effects,
Amebiasis ameba infection,
Amphetamine abuse,
Amphetamine overdose,
Anal fissure ,
Anaphylactoid reactions ,
Anaphylaxis ,
Anemia ,
Ankle laceration ,
Ankle swelling,
Ankylosing spondylitis ,
Anopheles mosquito bite,
Anorectal abscess ,
Anorexia ,
Anorexia nervosa ,
Ant bite,
Anticholinergic drug overdose,
Antidepressant overdose,
Anxiety,
Anxiety disorder generalized anxiety disorder GAD,
Aortic valve stenosis tight heart valve,
Aphthous ulcers mouth stomatitis,
Aplastic anemia bone marrow failure,
Appendicitis,
Arm laceration skin cut,
Arm swelling,
Arrhythmia abnormal heart rhythm,
Arteriovenous malformation blood vessel abnormality,
Arthritis joint inflammation,
Aseptic joint effusion fluid in a joint Effusion of joint,
Aseptic necrosis of bone bone death and destruction,
Aspirin salicylates overdose,
Asthma,
Atopic dermatitis eczema,
Atrial fibrillation irregular heart rate,
Atrioventricular node conduction block heart block,
Atypical pneumonia lung infection,
Autoimmune conditions,
Autoimmune disease,
Avulsions forcible tissue detachment,
Back trauma injury,
Bacterial dysentery bacterial infection of the intestines,
Bacterial infection,
Bacterial overgrowth of small intestine Bacterial Overgrowth Syndrome,
Bacterial vaginosis vaginal infection,
Baker's cyst fluid sac behind knee,
Balanitis penis swelling,
Barrett's esophagus esophagus inflammation,
Bartholin abscess or cyst sac of pus near the vaginal opening,
Basilar artery migraine headache,
Basilar skull fracture broken skull,
Beta blocker overdose blood pressure medication overdose,
Behcets disease small blood vessel inflammation disorder,
Bee sting wasp sting,
Bell's palsy facial muscle weakness,
Benign positional vertigo sensation of spinning,
Benign prostatic hyperplasia prostate enlargement,
Benzodiazepine Valium abuse,
Benzodiazepine Valium overdose,
Bipolar disorder manic depressive disorder,
Black widow spider bite,
Bladder cancer,
Bladder stone,
Bleeding tendency bleeding disorder,
Blepharitis eyelid swelling,
Blood loss,
Body dysmorphic disorder body appearance obsession,
Bone metastases cancer spread to bone,
Botulism bacterial toxin causing muscle weakness,
Bradycardia slow heart rate,
Brain abscess collection of pus in the brain,
Brain tumor cancer of the brain,
Breast abscess collection of pus in the breast,
Breast cancer tumor,
Breast fat necrosis dead breast fat,
Breast fibroadenoma benign breast lumps,
Bronchial asthma,
Bronchiectasis bronchial tube inflammatory damage,
Bronchiolitis bronchial tube inflammation,
Bronchitis bronchial tube infection,
Brown recluse spider bite,
Bulimia nervosa binge eating,
Burkitt lymphoma lymph node tumor,
Burning mouth syndrome,
Burns,
Bursitis inflammation of joint cushion,
Caffeine use,
Calcium channel blocker overdose blood pressure medication overdose,
Calluses and corns,
Campylobacter infection intestinal bacterial infection,
Cancer tumor,
Candida albicans yeast infection,
Carbon monoxide poisoning odorless,
Cardiac arrhythmia abnormal heart rate,
Cardiomyopathy weakened heart,
Carotid artery dissection neck artery tear,
Carotid cavernous fistula abnormal blood vessel communication,
Carpal tunnel syndrome wrist nerve compression,
Spinal cord compression cauda equina syndrome,
Cavernous sinus aneurysm head vein dilation,
Cavernous sinus thrombosis head vein blood clot,
Cavernous sinus tumor head vein cancer,
Cavity tooth caries,
Celiac disease celiac sprue,
Cellulitis skin infection,
Cerebellar hemorrhage bleeding in back of brain,
Cerebellar syndrome loss of coordination,
Cerebral contusion bruise of brain,
Cerebral palsy movement disorder,
Cerebral vascular accident stroke,
Cerebrospinal fluid rhinorrhea leakage of brain fluid from the nose,
Cerumen impaction ear wax buildup,
Cervical cancer tumor,
Cervical lymphadenopathy enlarged neck lymph nodes,
Cervical radiculopathy pinched nerve in neck,
Cervical spine fracture broken neck bone,
Cervical spondylosis neck arthritis,
Cervicitis inflammation of the lower uterus,
Chagas disease trypanosomiasis,
Chest trauma injury,
Child abuse,
Chlamydia trachomatis infection STD,
Chlorine bleach ingestion,
Cholangitis inflammation of the bile ducts,
Cholecystitis inflammation of the gallbladder,
Choledocholithiasis stone in bile duct,
Cholelithiasis gallstones,
Cholera intestinal bacterial infection,
Cholesteatoma middle ear mass,
Chronic fatigue syndrome CFS,
Chronic liver disease,
Chronic obstructive pulmonary disease COPD,
Chronic pain,
Cirrhosis liver failure and scarring,
Cluster headache one-sided headache behind the eye,
Coarctation of aorta narrowing of the aorta,
Cocaine abuse,
Cocaine overdose,
Colic prolonged infant crying episodes,
Colitis large intestine inflammation,
Colonic diverticulitis inflammation of pouches in the large intestine,
Colon cancer large intestine tumor,
Common cold upper respiratory infection,
Common spider bite spider bite,
Compartment syndrome increased pressure inside muscles,
Concussion,
Congestive heart failure CHF,
Conjunctivitis pink eye,
Constipation,
Contact dermatitis contact skin irritation,
Poison ivy poison oak,
Contact urticaria hives,
Contusion bruise,
Corneal abrasion scrape on eye,
Corneal foreign body object in the eye,
Coronary artery dissection heart artery tear,
Costochondritis chest wall inflammation,
Cough medicine abuse,
Crohn's disease regional enteritis,
Cryptosporidium infection diarrheal parasite infection Infection by Cryptosporidium Cryptosporidiosis infection Infection by Cryptosporidium parvum,
Cushing disease excessive pituitary gland hormones,
Cutaneous larva migrans parasitic skin disease,
Cystocele bladder hernia,
Cytomegalovirus infection CMV viral infection,
De Quervain's tenosynovitis hand tendon inflammation,
Deep venous thrombosis DVT,
Dehydration,
Delirium tremens DTs,
Dementia decline in mental ability,
Dengue fever tropical mosquito borne illness,
Dental abscess tooth infection,
Dental eruption appearance of new tooth,
Dentures,
Depression excessive sadness,
Diabetes high blood sugar,
Diabetes mellitus type 2 elevated blood sugar,
Diabetic ketoacidosis DKA,
Diffuse esophageal spasm painful contractions of the esophagus,
Benadryl diphenhydramine overdose,
Diphtheria infection bacterial respiratory infection,
Discitis spinal disk inflammation,
Dislocation joint out of place,
Dissecting aortic aneurysm tearing and dilation of the aorta,
Disseminated intravascular coagulation DIC,
Unisom overdose doxylamine overdose,
Dressler syndrome heart sac inflammation following heart attack or heart surgery,
Drug overuse Prescription Drug Overuse,
Drug overdose,
Drug reaction,
Dry air nasal irritation,
Dry socket pain after tooth removal,
Dysfunctional uterine bleeding abnormal vaginal bleeding,
E. coli infection Escherichia coli,
Ear laceration cut on the ear,
Ear swelling,
Eclampsia hypertensive disorder of pregnancy,
Ecstasy MDMA abuse,
Ectopic pregnancy tubal pregnancy,
Elapid Elapid venom cobra,
Empyema collection of pus in chest,
Encephalitis brain infection,
Endometrial cancer cancer of the lining of the uterus,
Endometriosis uterine tissue outside the uterus,
Endometritis inflammation of the uterus,
Enlarged lymph nodes lymphadenopathy,
Entamoeba histolytica infection ameba infection Infection due to Entamoeba histolytica,
Hypothermia extreme cold exposure,
Hyperthermia extreme heat exposure,
Epidermal cyst,
Inflammation of testicular tubes epididymitis,
Epidural abscess brain or spine pus collection,
Epidural hematoma bleeding around brain or spine,
Epiglottitis severe throat inflammation,
Nose bleed epistaxis,
Erythrasma chronic bacterial skin infection,
Esophageal achalasia swallowing disease,
Esophageal cancer tumor,
Esophageal cyst,
Esophageal foreign body,
Esophageal rupture tear in esophagus,
Esophageal spasm painful muscle contraction,
Esophageal stricture narrowing of the esophagus,
Esophageal varices dilation of esophageal veins,
Esophageal web Schatzki's ring,
Esophagitis esophageal inflammation,
Essential hypertension high blood pressure,
Estrogen withdrawal female hormone,
Extremity trauma leg or arm injury,
Eye trauma injury,
Eyelid laceration skin cut,
Eyelid swelling,
Facial laceration skin cut,
Facial trauma facial injury,
Facial swelling,
Fallen arches flat feet,
False pregnancy,
Familial cold urticaria cold-related hives,
Fat embolism blood clot from fat,
Febrile fever illness,
Febrile seizure convulsion in child with a fever,
Fecal impaction rectal blockage from stool,
Femoral artery aneurysm dilation of leg artery,
Femoral hernia groin hernia,
Fetal alcohol syndrome,
Fever elevated temperature,
Fibrocystic breasts breast lumpiness,
Fibroid uterine muscle tumor,
Fibromyalgia chronic pain disorder,
Filariasis elephantiasis,
Finger laceration skin cut,
Finger pulp infection felon,
Finger swelling,
Foot laceration skin cut,
Foot swelling,
Foreign body object originating outside the body,
Foreign body in the eye,
Fracture broken bone,
Functional disorders psychogenic illness,
Fungal infections,
Bacterial vaginosis BV,
Gastric ulcer stomach ulcer,
Gastritis stomach inflammation,
Gastroenteritis intestinal infection,
Gastroesophageal reflux GERD,
Gastrointestinal bleeding stomach,
Genital herpes HSV type 2 infection,
Genital warts HPV,
Gestational diabetes diabetes during pregnancy,
Gestational hypertension high blood pressure in pregnancy,
Giardiasis giardia infection,
Gingivitis inflammation of the gums,
Glaucoma elevated eye pressure,
Goiter enlarged thyroid,
Gout uric acid crystals in the joint causing inflammation,
Guillain Barre syndrome ascending muscle weakness,
Bunion of big toe hallux valgus,
Hammer toes toe deformity,
Hand laceration skin cut,
Hand swelling,
Hand foot and mouth disease Coxsackie virus,
Hantavirus infection rare,
Head injury,
Head trauma,
Headache,
Hearing loss,
Heat cramps,
Heat exhaustion,
Heat rash,
Heat stroke,
Hematocele collection of blood around testicle,
Hematoma collection of blood,
Hemophilia inherited bleeding disorder,
Hemoptysis coughing blood,
Hemorrhage of pregnancy vaginal bleeding during pregnancy,
Hemorrhoid enlarged rectal veins,
Hemotympanum blood behind ear drum,
Henoch Schönlein purpura blood vessel inflammation,
Hepatic abscess collection of pus in the liver,
Hepatitis liver inflammation,
Hereditary hemorrhagic telangiectasia Osler Weber Rendu syndrome,
Hernia,
Herniated disc slipped disc,
Herpes simplex infection viral infection,
Herpes stomatitis viral mouth infection,
Herpes vulvovaginitis viral infection of the vagina Herpesviral vulvovaginitis,
Hiatal hernia stomach pushes through diaphragm,
Hip fracture broken hip,
Hordeolum stye of eye,
Humerus fracture broken upper arm,
Hydrocele fluid collection near the testicle,
Hyperemesis gravidarum severe vomiting in pregnancy,
Hyperkalemia elevated potassium level,
Hypertension high blood pressure,
Hypertensive emergency severely high blood pressure,
Hyperthyroidism elevated thyroid hormone,
Hypertrophic cardiomyopathy thickened heart muscle,
Hyperventilation rapid breathing,
Hyphema traumatic blood in eye,
Hypocalcemia low blood calcium,
Hypoglycemia low blood sugar,
Hypokalemia low blood potassium,
Hypokalemic periodic paralysis inherited muscle weakness and low potassium,
Hyponatremia low blood sodium,
Hypotension low blood pressure,
Hypothyroidism low thyroid hormone,
Hypoxia lack of oxygen,
Nonsteroidal anti-inflammatory drug overdose Motrin,
Impacted tooth tooth that doesn't erupt,
Impingement syndrome of shoulder bone rubs again tendon,
Infection,
Infectious mononucleosis Epstein Barr virus,
Inflammatory conditions,
Influenza seasonal flu,
Inguinal hernia groin hernia,
Inhalants abuse huffing,
Insulin overdose,
Interstitial cystitis bladder inflammation,
Intestinal ischemia decreased intestinal blood flow,
Intestinal volvulus twisting of intestine,
Intracranial hemorrhage bleeding in brain,
Intrahepatic cholestasis of pregnancy liver disorder in pregnancy,
Intravenous drug abuse IVDA,
Intussusception telescoping intestine,
Iron overdose,
Irritable bowel syndrome IBS,
Jet lag,
Kaposi Sarcoma type of cancer,
Kawasaki disease pediatric blood vessel disease,
Keratitis inflammation of cornea,
Kidney cancer tumor,
Knee laceration skin cut,
Knee swelling,
Labyrinthitis dizziness and vertigo,
Laceration skin cut,
Bowel obstruction intestinal blockage,
Laryngeal carcinoma throat cancer,
Laryngitis voice box inflammation,
Tennis elbow lateral epicondylitis,
Laxative abuse,
Lead overdose lead poisoning,
Lead poisoning toxicity,
Leg laceration skin cut,
Leg swelling leg edema,
Legg Calve Perthes disease childhood hip condition,
Legionellosis Legionnaires' disease,
Leishmaniasis parasitic infection,
Leptospirosis bacterial infection,
Leukemia blood cell cancer,
Lichen planus chronic skin inflammation,
Ligament sprain connection between two bones,
Ligament tear connection between two bones,
Limb ischemia decreased blood flow,
Lip laceration skin cut,
Lip swelling,
Lipoma benign fatty tumor,
Liver abscess collection of pus,
Liver cancer tumor,
Low blood pressure hypotension,
Low platelets thrombocytopenia,
Ludwigs angina severe infection in the floor of the mouth and neck,
Lung abscess collection of pus,
Lung cancer tumor,
Lupus systemic lupus erythematosus,
Lyme disease bacterial infection from ticks,
Lymphangitis lymph tissue inflammation,
Magic mushroom ingestion psilocybin,
Major depressive disorder severe depression,
Malabsorption syndrome abnormal intestinal digestion,
Malaria mosquito transmitted illness,
Malignant hyperthermia rare temperature abnormality,
Mallet finger finger tendon rupture,
Mallory Weiss syndrome esophageal tear,
Malnutrition,
Marijuana use,
Mastitis breast infection inflammation,
Maxillary sinus carcinoma sinus cancer,
Measles viral disease with typical rash,
Meckel's diverticulum bulge in small intestine,
Mediastinitis inner chest inflammation,
Meniere's disease dizziness and vertigo,
Meningitis spinal fluid infection,
Meniscus injury knee cartilage injury,
Menopause end of menstruation and fertility,
Metastatic neoplasm cancer spread,
Methamphetamine abuse,
Methyl alcohol intoxication methanol,
Migraine type of headache,
Miscarriage,
Mitral valve prolapse abnormal heart valve,
Mittelschmerz ovulation pain,
Molar pregnancy gestational trophoblastic disease,
Mononucleosis common viral illness,
Mosquito bite,
Motion sickness,
Motor neuron disease progressive nerve disorder,
Mouth laceration mouth cut,
Mouth swelling,
Mouth trauma injury,
Multiple pregnancy twins,
Multiple sclerosis MS,
Mumps viral infection involving salivary glands,
Munchausen syndrome fabricated illness,
Munchausen syndrome by proxy fabricated illness in a dependent,
Myasthenia gravis autoimmune disease of the nerves,
Mycoplasma genitalium sexually transmitted disease,
Myelodysplastic syndrome bone marrow failure,
Myocardial infarction heart attack,
Myocarditis heart muscle inflammation,
Myopathy muscle disease,
Myositis muscle inflammation or infection,
Nail avulsion traumatic removal of nail,
Nail bruise subungual hematoma,
Nail contusion swelling of finger and nail,
Nail laceration nail bed cut,
Narcolepsy uncontrollable sleeping,
Narcotic morphine,
Narcotic morphine,
Nasal cancer tumor,
Nasal fracture broken nose,
Nasal polyps growths,
Nasal trauma nose injury,
Nasopharyngeal carcinoma tumor,
Neck trauma injury,
Necrotizing fasciitis life-threatening infection,
Neisseria gonorrhea infection sexually transmitted disease,
Neisseria meningitidis infection Neisseria meningitidis meningococcus,
Kidney stone nephrolithiasis,
Neurogenic bladder bladder paralysis,
Non venomous snake bite,
Normal menstruation,
Norovirus infection viral diarrhea,
Nursemaid's elbow radial head subluxation,
Obsessive compulsive disorder OCD,
Onchocerciasis river blindness,
Ophthalmoplegia eye muscle weakness,
Optic neuritis optic nerve inflammation,
Oral candidiasis thrush,
Oral ulcers mouth ulcers,
Orbital cellulitis soft tissue eye infection,
Orbital fracture broken bone near the eye,
Orbital mass growth near the eye,
Orchitis inflammation of the testicles,
Mouth cancer oropharyngeal cancer,
Osteoarthritis bone inflammation,
Osteochondritis dissecans joint disorder,
Osteomyelitis bone infection,
Ear infection,
Ear infection,
Ototoxicity ear toxicity,
Ovarian cancer female organ cancer,
Ovarian cyst female organ fluid collection,
Ovarian torsion twisting of the ovary,
Overdose,
Overuse syndrome injury from repetitive activity,
Paget disease of the nipple rare breast cancer,
Pancoast syndrome apical lung tumor,
Pancreatic cancer tumor,
Pancreatitis pancreas inflammation,
Pancreas inflammation pancreatitis,
Panic disorder,
Paralytic Ileus intestinal paralysis,
Parasite infection,
Parkinson's disease movement disorder,
Paronychia infection around the nail,
Parotitis salivary gland inflammation,
Patellar dislocation knee cap dislocation,
Patellar knee cap tendon rupture,
Pelvic inflammatory disease PID,
Penis carcinoma tumor,
Perforated septum hole in skin between nostrils,
Pericarditis heart sac inflammation,
Periodontitis gum inflammation,
Periorbital cellulitis infection around eye,
Peripheral nerve transection nerve injury,
Peripheral neuropathy nerve damage,
Peripheral vascular disease blocked blood vessels,
Peritonitis abdominal cavity inflammation,
Peritonsillar abscess collection of pus around tonsils,
Personality disorder unhealthy patterns of thinking and behavior,
Pesticide poisoning organophosphate poisoning,
Pharyngeal pouch Zenker's diverticulum,
Pharyngitis throat infection,
Pheochromocytoma adrenal gland tumor,
Phobias irrational fear,
Pickwickian syndrome severe obesity,
Pituitary tumor,
Pityriasis rosea inflammatory skin rash,
Placenta previa placenta covers cervix,
Placental abruption placenta separation,
Plague bubonic plague,
Plantar fasciitis inflammation of tissue at the bottom of the foot,
Plantar wart human papilloma virus infection,
Pleural effusion abnormal chest fluid,
Pleuritis inflammation of the lung's lining,
Pneumonia lung infection,
Pneumothorax collapse of lung,
Poisoning,
Poliomyelitis polio,
Polycystic kidney disease inherited kidney disorder,
Polycystic ovarian syndrome PCOS,
Polycythemia vera increased number of red blood cells,
Polyphagia overeating,
Post concussive syndrome symptoms after a concussion,
Post nasal drip,
Post-traumatic stress disorder PTSD,
Posterior inferior cerebellar artery syndrome stroke syndrome,
Postural hypotension low blood pressure after standing,
Pregnancy,
Premenstrual syndrome PMS,
Prescription drug abuse,
Preseptal hematoma blood clot in the nose,
Priapism persistent erection,
Primary affective disorder depression,
Insomnia difficulty sleeping,
Primary sclerosing cholangitis bile duct disease,
Primary dysmenorrhea painful menstruation,
Prinzmetal angina heart artery spasm,
Prostate cancer male anatomy cancer,
Prostatitis prostate inflammation,
Pruritus ani anal itching,
Pseudogout calcium deposit arthritis,
Puerperal depression depression after giving birth,
Puerperal psychosis loss of contact with reality after birth,
Pulmonary edema fluid build-up in the lungs,
Pulmonary embolism blood clot in the lungs,
Pulmonary fibrosis lung scarring,
Pulmonary hypertension high blood pressure in the lungs,
Pulpitis dental root inflammation,
Puncture wound,
Puncture wound of ankle,
Puncture wound of arm,
Puncture wound of ear,
Puncture wound of eyelid,
Puncture wound of face,
Puncture wound of finger,
Puncture wound of foot,
Puncture wound of hand,
Puncture wound of knee,
Puncture wound,
Puncture wound of lip,
Puncture wound of mouth,
Puncture wound of scalp,
Puncture wound of skin,
Puncture wound of toe,
Pyelonephritis kidney infection,
Quaternary syphilis late stage syphilis,
Radial head fracture broken elbow bone,
Radiator fluid ethylene glycol poisoning,
Increased pressure in the skull raised intracranial pressure,
Ramsay Hunt syndrome viral infection causing facial weakness,
Rectal abscess collection of pus in the rectum,
Rectal cancer tumor,
Rectal impaction collection of pus in the rectum Fecal impaction of rectum,
Rectal prolapse rectal protrusion,
Rectal ulcer,
Reiter syndrome type of joint inflammation,
Renal arteriovenous malformation AVM,
Renal artery stenosis kidney artery narrowing,
Renal failure,
Renal failure,
Renal infarct kidney damage from an area of blocked blood flow,
Renal trauma kidney trauma,
Renal vein thrombosis kidney vein clot,
Respiratory failure breathing failure,
Restless legs syndrome nervous system disorder,
Retroperitoneal hemorrhage flank bleeding,
Retropharyngeal abscess throat abscess,
Rhabdomyolysis severe muscle breakdown,
Rheumatoid arthritis type of chronic joint inflammation,
Rhinosporidiosis fungal nasal infection,
Rhinovirus infection common cold,
Rib fracture broken bone,
Rickettsial infections type of bacterial infection,
Rotator cuff syndrome shoulder injury,
Rotavirus infection intestinal viral infection,
Rubbing isopropyl alcohol overdose,
Salmonella infection common bacterial intestinal infection,
Severe Acute Respiratory Syndrome SARS,
Scalp laceration scalp cut,
Scalp swelling,
Scarlet fever post strep inflammation,
Schistosomiasis parasite infection,
Schizoaffective disorder features of schizophrenia and mood disorder,
Schizophrenia chronic impaired reality perception,
Sciatica lower back nerve irritation,
Sclerosing cholangitis progressive bile duct disease ,
Scoliosis crooked spine,
Scorpion sting,
Scrotal hematoma collection of blood in skin around testicles,
Seasonal affective disorder intermittent seasonal depression,
Sebaceous cyst sac under the skin,
Secondary dysmenorrhea painful menstruation,
Self-inflicted injury,
Sepsis serious blood infection,
Septal perforation hole in the skin between nostrils,
Septic arthritis joint infection,
Septic hip infected hip joint,
Septic knee joint infected knee joint,
Septic shock low blood pressure from serious blood infection,
Serotonin syndrome severe medication reaction,
Serum sickness abnormal immune system response,
Sexually transmitted disease STD,
Shigellosis bacterial intestinal infection,
Shingles herpes zoster,
Shock severe low blood pressure,
Shoulder joint dislocation dislocated shoulder,
Sialolithiasis salivary gland stone,
Sickle cell crisis complication of sickle cell disease,
Sickle cell disease disease of red blood cells,
Sinusitis sinus infection,
Sjogren's syndrome dry eyes and mouth,
Skin abscess collection of pus,
Skin laceration cut skin,
Skin swelling,
Skull fracture broken bone,
Slipped capital femoral epiphysis adolescent hip disorder,
Small bowel lymphoma intestinal lymph node cancer,
Smallpox Variola virus infection,
Smoke inhalation,
Smoking tobacco use disorder,
Social anxiety disorder social phobia,
Spermatocele sperm-filled epididymal cyst,
Insect bite,
Spinal abscess collection of spinal pus,
Spinal cord injury,
Splenic infarction death of spleen,
Spondylolisthesis slipped back bone,
Sprain stretched,
Squamous cell cancer common skin cancer,
Steroid abuse,
Steroid use,
Steven Johnson syndrome rare,
Muscle strain pulled muscle,
Strangulation of genitalia constriction of genital blood supply,
Streptococcus infection strep throat bacteria,
Stress,
Stress headache tension headache,
Stress incontinence unintentional urination with cough or sneeze,
Subarachnoid hemorrhage brain bleeding,
Subdural hematoma bleeding on brain,
Substance abuse,
Subungual hematoma blood under nail,
Suicide,
Supracondylar fracture elbow fracture,
Swimmer's itch cercarial dermatitis,
Symptomatic dermatographism exaggerated skin response to pressure,
Syphilis treponema pallidum,
Systemic sclerosis scleroderma,
Tarantula bite Tarantula Venoms,
Tarsal tunnel syndrome foot nerve damage,
Temporal arteritis inflamed scalp artery,
Temporal lobe epilepsy non-convulsive seizure,
Temporomandibular joint syndrome TMJ,
Tendonitis tendon inflammation,
Tenosynovitis tendon sheath inflammation,
Tension pneumothorax dangerous lung collapse,
Testicular cancer tumor,
Testicular torsion twisting of testicle,
Third cranial nerve disorder disorder of eye movement,
Thoracic outlet syndrome nerve,
Thrombocytopenia low platelet count,
Thyroglossal duct cyst neck cyst,
Thyroiditis thyroid inflammation,
Tick paralysis toxin from ticks,
Tick borne encephalitis brain infection,
Tinea fungal skin infection,
laceration of toe cut skin,
Toe swelling,
Tongue cancer tumor,
Tonsillar cancer tumor tongue,
Tonsillitis tonsil infection,
Toothache,
Torticollis,
Preeclampsia toxemia of pregnancy,
Toxic shock syndrome life-threatening bacterial infection complication,
Toxoplasma infection Toxoplasmosis parasite infection,
Transient ischemic attack TIA,
Transverse myelitis spinal cord inflammation,
Trauma,
Traumatic nerve injury,
Trichinella spiralis infection trichinosis,
Trichomonas vaginalis infection vaginal infection,
Trigeminal neuralgia facial nerve pain,
Tuberculosis infection TB,
Tubo ovarian abscess pelvic abscess,
Ear drum rupture tympanic membrane rupture,
Typhoid fever salmonella typhi infection from contaminated food or water,
Ulcerative colitis large intestine inflammation,
Unstable angina pre heart attack chest pain,
Upper respiratory tract infection URI,
Ureaplasma urealyticum infection genital infection,
Urethritis infection of urethra,
Bladder infection cystitis,
Urinary tract malformation,
Urine retention inability to urinate,
Urticaria hives,
Uterine prolapse uterine vaginal protrusion,
Uterine rupture uterine tear during childbirth,
Uveitis iritis,
Vaccination,
Vaginal atrophy atrophic vaginitis,
Vaginal cancer tumor,
Vaginal foreign body,
Vaginitis vaginal infection inflammation,
Varicocele testicular vein enlargement,
Blood vessel headache familial basilar artery migraine headache,
Vascular insufficiency due to peripheral artery disease PAD,
Vasculitis inflammation of the arteries,
Vasovagal syncope fainting,
Vertebral artery dissection neck artery tear,
Vertebral fracture broken back or neck bone,
Vertebral- basilar artery insufficiency inadequate blood flow to the back of the brain vertebro-basilar insufficiency,
Vertebral-basilar stroke stroke in the back of the brain Vertebro basilar insufficiency,
Vertigo spinning sensation,
Vesicovaginal fistula connection between the bladder and vagina,
Vestibular neuronitis labyrinthitis,
Vibrio parahaemolyticus infection bacterial infection from shellfish,
Rattlesnake pit viper bite,
Viral hemorrhagic fevers Ebola,
Viral infections,
Vitiligo loss of skin pigment,
Vocal cord nodule growth on the vocal cords,
Vocal cord paralysis voice box weakness,
Volvulus twisted intestine,
Vulvar squamous cell carcinoma skin cancer on female genitalia,
Waldenström macroglobulinemia blood cell disease,
Warfarin Coumadin,
Warfarin Coumadin use,
Wegener's granulomatosis granulomatosis with polyangiitis,
West Nile virus infection mosquito-transmitted illness,
Whiplash injury neck injury,
White coat hypertension elevated blood pressure at doctor's office,
Whooping cough pertussis,
Windshield wiper fluid Methanol poisoning,
Wolff Parkinson White syndrome WPW,
Yellow fever viral hemorrhagic fever,
Zenker's diverticulum pharyngeal pouch,
Seizure abnormal brain electrical activity,
Pilonidal cyst fluid filled sac on tailbone,
Essential tremor abnormal rhythmic shaking,
Lymphoma lymph node cancer,
Osgood Schlatter disease painful shinbone inflammation,
Nasal foreign body unnatural object in the nose,
Respiratory syncytial virus RSV,
Hodgkin's disease cancer of the lymph system,
Autism spectrum disorder ASD,
Polymyalgia rheumatica PMR,
Swine Flu H1N1 Influenza,
Fifth disease erythema infectiosum,
Sagittal sinus thrombosis venous blood clot in the brain,
Cervical spine stenosis narrowing of spinal canal,
Cervical myelopathy spinal cord compression,
Spinal cord tumor,
Brachial plexus injury shoulder nerve injury,
Brain arteriovenous malformation blood vessel abnormality in the brain,
Carotid artery stenosis neck artery narrowing,
Meningioma brain tumor,
Astrocytoma brain tumor,
Hydrocephalus brain fluid build-up,
Central cord syndrome traumatic spine injury,
Cerebral aneurysm brain artery dilation,
Pseudotumor cerebri increased pressure in the skull,
HIV AIDS Human Immunodeficiency Virus,
Endocarditis heart valve infection,
Acne pimples,
Attention deficit hyperactivity disorder ADHD,
Allergic conjunctivitis allergic reaction in the eye,
Teeth grinding bruxism,
Chemical burn,
Chicken pox varicella virus,
Cradle cap infant scalp rash,
Croup upper airway inflammation,
Dyslexia reading disorder,
Psoriasis scaly skin disease,
Asperger's syndrome autism spectrum disorder,
Methicillin-resistant Staphylococcus aureus MRSA,
Staphylococcus aureus type of bacteria,
Failure to thrive - child Failure to thrive-child Failure to thrive ,
Hemochromatosis excess iron disorder,
Impetigo bacterial skin infection,
Inhaled foreign body in respiratory tract,
Jaundice yellow skin color,
Keratosis pilaris common skin condition,
Head lice,
Body lice,
Pubic lice,
Wilsons disease copper accumulation in tissues,
Rocky mountain spotted fever bacterial infection spread by ticks,
Erysipelas bacterial skin infection,
Cat scratch fever bacterial infection after cat scratch,
Coccidiomycosis valley fever,
Meconium aspiration newborn respiratory problem,
Neurofibromatosis inherited nerve tumors,
Night terrors nightmares,
Pinworms common intestinal worm,
Reyes syndrome rare liver and brain swelling,
Mongolian spots blue birthmark,
Rheumatic fever complication of strep infection,
Rhinitis nasal inflammation,
Ringworm of the scalp tinea capitis,
Ringworm of the body tinea corporis,
Rubella German measles,
Scabies skin disease caused by mites,
Atrial flutter irregular heart rate,
Pepto Bismol or Kaopectate ingestion bismuth,
Long QT Syndrome inherited heart condition,
Coronary artery anomaly heart artery malformation,
Stroke CVA,
Subconjunctival hemorrhage blood covering white part of the eye,
Sleep apnea chronic sleep disruption,
Myotonia impaired muscle relaxation,
Carbuncle,
Melanoma skin cancer,
Cat bite,
Dog bite,
Muscle spasm charley horse,
Hyperosmolar hyperglycemic state severely elevated glucose level,
Tetanus lockjaw,
Tourette syndrome repetitive involuntary movements,
Umbilical hernia belly button hernia,
Common warts,
Transient global amnesia sudden period of short-term memory loss,
Osteoporosis extremely thin bone,
Bird flu avian influenza,
Cubital tunnel syndrome nerve compression in the elbow,
Foot fracture broken foot,
Ankle fracture broken ankle,
Histoplasmosis fungal infection,
Tick bite,
Q fever flu-like bacterial illness,
Broken heart syndrome Takotsubo cardiomyopathy,
Whipple's disease rare bacterial infection of the small intestine,
Near drowning,
Clostridium difficile C. Diff,
Sea lice bite,
Ascites fluid in the abdomen,
Sunburn,
Sun poisoning,
Cystic fibrosis inherited disease of lungs,
Sever's disease calcaneal apophysitis,
Panhypopituitarism pituitary gland malfunction,
Down syndrome common genetic disorder,
Hair loss alopecia,
Vaginal yeast fungal infection,
Rickets childhood bone disease,
Alzheimer's disease dementia,
Human papillomavirus infection HPV,
Erectile dysfunction ED,
Congenital heart disease heart defect at birth,
Lumbar spinal stenosis spinal cord compression,
Stomach cancer gastric cancer,
Moles nevi,
Idiopathic thrombocytopenia purpura ITP,
Thrombotic thrombocytopenia purpura TTP,
Ventricular tachycardia VT,
Cardiac arrest heart stops,
Frostbite tissue damage from cold,
Trench foot immersion foot,
Skin blood vessel damage Chilblains,
Gangrene death of body tissue,
Food poisoning,
Lactose intolerance,
Raynaud's disease blood vessel constriction,
Muscular dystrophy inherited muscle disease,
Diverticulosis weakening of the large intestine wall,
Graves' disease overproduction of thyroid hormone,
Emphysema COPD,
Amyotrophic lateral sclerosis ALS,
Sarcoidosis inflammatory disease,
Folliculitis hair follicle infection,
Boil pus-filled lump,
Angioedema swelling of skin,
Hot tub follicullitis hair follicle infection Pustular folliculitis,
Detached retina retinal detachment,
Posterior vitreous detachment common eye abnormality,
Thyroid cancer neck gland cancer,
Coronary artery disease CAD,
Double diabetes hybrid diabetes,
Birth control pill use,
Toe fracture,
Finger fracture broken finger,
Hand fracture broken hand,
Scaphoid fracture broken hand bone,
Clavicle fracture broken collar bone,
Valvular heart disease abnormal heart valves,
Aortic regurgitation leaking heart valve,
Mitral stenosis tight heart valve,
Mitral regurgitation leaking heart valve,
Cataracts clouding of the eye lens,
Thalassemia Mediterranean anemia,
Iron deficiency anemia low red blood cell count,
Hemolytic anemia red blood cell destruction disorder,
Pterygium growth on the eye,
Pernicious anemia vitamin deficiency blood disorder,
Addison's disease adrenal insufficiency,
Heart attack acute myocardial infarction,
Scleroderma progressive hardening of soft tissue,
Medication reaction,
Myxedema coma severely low thyroid hormone,
Bed bugs,
Athlete's foot tinea pedis,
Early menopause premature ovarian failure,
Carcinoid syndrome flushing,
Mayer Rokitansky Küster Hauser syndrome MRKH,
Obesity,
Hyperparathyroidism elevated parathyroid hormone levels,
Cauliflower ear wrestlers ear,
Muscle tear,
Gastroparesis stomach muscle malfunction,
Scalded skin syndrome blistering skin infection,
Colon polyps large intestine tumors,
Loffler's syndrome pulmonary eosinophilia,
Methemoglobinemia blood disorder,
Amaurosis fugax momentary vision loss in one eye,
Tendon laceration tendon cut,
Foreign body in a wound,
Wound infection cut infection,
Blood vessel injury,
Hidradenitis suppurativa chronic collections of pus,
Spleen injury splenic rupture,
Liver injury liver trauma,
Radiation exposure radiation sickness,
Marfan syndrome rare inherited disease,
Tape worm infection,
Teething,
Rabies deadly viral illness transmitted by animals,
Toxic megacolon rapid dilation of the colon,
Basal cell carcinoma skin cancer,
Skin tags acrochordons,
Pneumocystis pneumonia PCP,
Compression fracture broken spinal bone,
Hypersensitivity pneumonitis allergic lung disease,
Mucormycosis fungal infection,
Interstitial lung disease chronic scarring of the lung,
Flea bite,
Ingrown nail onychocryptosis,
Porphyria rare disorder of skin,
Gilbert's disease liver abnormality,
Goodpasture syndrome disease of kidneys and lungs,
Newborn jaundice newborn skin discoloration,
Ankle sprain,
Chikungunya viral illness from mosquitoes,
Japanese encephalitis viral brain infection,
Brucellosis bacterial infection spread from animals,
Post herpetic neuralgia nerve pain after shingles,
Psoriatic arthritis joint pain and stiffness,
Flat feet pes planus,
Heel spur,
Lewy body dementia common type of dementia,
Facial nerve paralysis,
Macular degeneration chronic eye disease,
Pyomyositis muscle infection,
Synovitis inflammation of joint lining,
Diabetic retinopathy diabetic eye disease,
Aspiration pneumonia lung inflammation or infection,
Hepatic encephalopathy confusion from liver failure,
Pemphigus rare skin disorder,
Diabetes insipidus excessive water loss from the kidneys,
Ventral hernia bulging of the abdominal wall,
Listeria serious bacterial illness,
Shin splints tibial stress syndrome,
Sarcoma soft tissue cancer,
Bone cancer bone tumor,
Mastocytosis urticaria pigmentosa,
Jellyfish stings,
Hemolytic uremic syndrome HUS,
Triangular fibrocartilage complex injury wrist injury,
Multiple myeloma blood cancer,
Miller Fisher Syndrome rare nerve disease,
Aponeurotic ptosis age-related drooping eyelid,
Complex migraine migraine with neurologic changes,
Reflex sympathetic dystrophy complex pain syndrome,
Golfer's elbow medial epicondylitis of elbow,
Small cell lung cancer,
Bullous myringitis middle ear infection,
Chronic venous insufficiency weakened leg veins,
Diabetic neuropathy nerve damage,
Diabetic nephropathy diabetes and kidney disease,
Dysthymia depression,
Lymphedema lymphatic obstruction,
Tension headache stress headache,
Pneumoconiosis lung disease,
Varicose veins,
Diabetes mellitus type 1 elevated blood sugar,
Viral exanthem rash from viral infection,
Foreign body in ear,
Actinic keratosis AK,
Molluscum contagiosum,
Eustachian tube dysfunction inner ear tube,
Phimosis,
Lumbar spondylosis spine arthritis,
Muscle and ligament inflammation enthesopathy,
Male pattern hair loss hereditary-patterned baldness Androgenic alopecia,
Male infertility,
Scleritis inflammation of the eye,
Abdominal adhesions scar tissue,
Chondromalacia cartilage damage,
Focal seizure partial seizure,
Generalized seizure disorder generalized epilepsy,
Peyronie's disease abnormal curvature of the penis,
Mycoplasma infection bacteria,
Duodenal cancer small intestine,
Small bowel cancer small intestine,
Gallbladder cancer,
Essential thrombocythemia excessive blood platelets,
Thyroid cyst,
Herpangina mouth blisters,
Ewing's sarcoma cancer,
Extragonadal germ cell tumors,
Fallopian tube cancer,
Familial dysautonomia genetic disorder,
Farsightedness hyperopia/hypermetropia,
Food allergy,
Foot sprain,
Foot ulcer,
Fragile X syndrome genetic disorder,
Friedreich's Ataxia genetic disorder,
Gallbladder and bile duct cancer Gallbladder cancer bile duct cancer,
Glomerulonephritis kidney disease,
Graves eye disease Graves ophthalmopathy,
Head injury in children Non-accidental traumatic head injury to child,
Hemorrhagic stroke CVA,
Hepatitis A,
Excessive hair growth Hirsutism,
Huntington disease chorea,
Hyperkeratosis skin thickening,
Lacunar stroke,
Langerhans cell histiocytosis Histiocytosis X,
Large cell lung cancer,
Malignant Mesothelioma,
Melasma choloasma,
Morton's neuroma,
Neuroblastoma,
Paget disease of the bone paget's disease of the bone,
Parathyroid cancer,
Phenylketonuria PKU,
Paraphimosis,
Polyarteritis Nodosa PAN,
Post-polio syndrome,
Posterior cruciate ligament injuries PCL injury Rupture of posterior cruciate ligament Sprain of posterior cruciate ligament of knee,
Presbyopia aging vision,
Rectocele,
Retinitis pigmentosa,
Retinoblastoma pediatric eye cancer,
Retrobulbar Neuritis,
Shoulder sprain,
Squamous cell lung cancer,
Takayasu's arteritis Giant cell arteritis of the young,
Tay-Sachs disease,
Tear duct infection Dacryocystitis,
Thrombophlebitis superficial,
Traumatic hip dislocation traumatic dislocation of hip,
Traveler's diarrhea Montezuma's revenge,
Tropical sprue,
Wilms' Tumor,
Wrist sprain,
Yaws,
Amyloidosis,
Arnold Chiari malformation,
Broken jaw mandible fracture,
Conversion disorder,
Strabismus crossed eyes,
Decompression sickness bends,
Delusional disorder,
Dermatofibroma,
Fibromuscular dysplasia FMD,
Hypoparathyroidism,
Ichthyosis,
Keloid overgrown scar,
Broken leg leg fracture,
Prediabetes high blood sugar,
Subluxation,
Vitamin D deficiency,
Supraventricular tachycardia SVT,
Traumatic brain injury,
Testicular hypofunction,
Von Willebrand's disease,
Lymphadenitis,
Drug withdrawal syndrome,
Stuttering,
Tic Disorder,
Conduct disorder,
Charcot-Marie-Tooth disease,
Neutropenia,
Greater trochanteric bursitis hip bursitis,
Turner syndrome gonadal dysgenesis,
Pancytopenia,
Cerebellar Ataxia,
Complex partial seizures psychomotor epilepsy,
Meralgia Paresthetica,
Retinopathy,
Corneal ulcer,
Blocked tear duct dacryostenosis,
Aphakia,
Bacterial tracheitis,
Trigger finger,
Glossitis,
Anal fistula,
Urethral stricture,
Pemphigoid,
Scar,
Finger amputation,
Hydronephrosis,
Night blindness nyctalopia,
Scurvy vitamin C deficiency,
Beriberi thiamine vitamin B1 deficiency,
Cutaneous T cell lymphoma,
Cardiomegaly enlarged heart,
Developmental delay,
Breast cyst,
Ductal carcinoma in situ DCIS,
Missed abortion,
Triple negative breast cancer,
Invasive ductal carcinoma,
Invasive lobular carcinoma,
Dystonia,
Failure to thrive - adult failure to thrive,
